step,customer,age,gender,zipcodeOri,merchant,zipMerchant,category,amount,fraud
102,'C7423388','1','F','28007','M515968276','28007','es_hyper',5.69,0
87,'C8204212','2','F','28007','M188409749','28007','es_fashion',64.53,0
37,'C4344769','1','M','28007','M332968651','28007','es_hotelservices',21.79,0
48,'C6743066','2','M','28007','M281009883','28007','es_health',145.09,0
130,'C3428388','2','M','28007','M379394470','28007','es_food',119.97,0
8,'C2465689','1','F','28007','M916698734','28007','es_hyper',64.68,0
34,'C2870928','1','F','28007','M365047041','28007','es_barsandrestaurants',31.35,0
145,'C8281369','2','M','28007','M858744035','28007','es_sportsandtoys',27.75,0
39,'C4366612','2','M','28007','M438175028','28007','es_sportsandtoys',13.54,0
123,'C2285160','1','M','28007','M167157848','28007','es_hyper',19.58,0
135,'C7940119','0','M','28007','M272552610','28007','es_transportation',93.27,0
40,'C4853339','4','F','28007','M447454369','28007','es_transportation',15.04,0
36,'C7245035','2','F','28007','M670916578','28007','es_fashion',68.15,0
4,'C7914550','3','F','28007','M197636744','28007','es_hotelservices',263.29,1
62,'C6292895','2','M','28007','M136810847','28007','es_wellnessandbeauty',12.04,0
142,'C8064746','1','F','28007','M524623942','28007','es_health',94.92,0
44,'C3539448','1','M','28007','M901312299','28007','es_wellnessandbeauty',29.13,0
91,'C4560920','2','M','28007','M734324250','28007','es_tech',71.0,0
102,'C3548421','2','M','28007','M926506464','28007','es_health',11.8,0
58,'C1061087','2','F','28007','M588035440','28007','es_transportation',11.92,0
38,'C5959617','3','M','28007','M258428240','28007','es_transportation',20.53,0
86,'C6595108','2','F','28007','M876124029','28007','es_food',22.78,0
159,'C2119043','1','M','28007','M328233509','28007','es_sportsandtoys',145.49,0
138,'C1110078','1','F','28007','M403998075','28007','es_barsandrestaurants',70.41,0
163,'C5135314','3','F','28007','M523767187','28007','es_hyper',43.1,0
127,'C8613287','1','M','28007','M587365080','28007','es_food',75.44,0
98,'C9536326','3','F','28007','M337085688','28007','es_wellnessandbeauty',11.69,0
47,'C3472189','4','F','28007','M671666426','28007','es_hyper',17.03,0
47,'C4674515','4','F','28007','M710021271','28007','es_wellnessandbeauty',8.17,0
165,'C5378727','2','M','28007','M535816957','28007','es_tech',2.18,0
127,'C3904941','2','F','28007','M752668623','28007','es_tech',168.98,1
141,'C6072148','1','M','28007','M526161286','28007','es_health',31.4,0
114,'C2983509','1','F','28007','M714600044','28007','es_health',36.91,0
20,'C3457184','2','F','28007','M938562244','28007','es_health',53.22,0
16,'C6130397','5','F','28007','M616077666','28007','es_tech',16.06,0
45,'C8778484','2','E','28007','M423609715','28007','es_fashion',12.94,0
66,'C7545535','2','M','28007','M504642357','28007','es_hotelservices',4.56,0
113,'C8413023','3','M','28007','M117882750','28007','es_hotelservices',49.25,0
160,'C9073461','2','M','28007','M354954230','28007','es_hotelservices',72.63,0
12,'C6491590','2','F','28007','M744090176','28007','es_sportsandtoys',57.6,0
114,'C9837590','0','F','28007','M909490207','28007','es_hyper',15.92,0
62,'C6893309','1','F','28007','M230997589','28007','es_transportation',62.53,0
53,'C9272874','1','F','28007','M185871668','28007','es_fashion',66.59,0
115,'C6143901','2','F','28007','M670137231','28007','es_food',15.65,0
144,'C2646711','1','M','28007','M436967606','28007','es_hotelservices',1160.78,1
22,'C3841992','3','M','28007','M809587577','28007','es_transportation',11.6,0
117,'C1176615','4','F','28007','M171709884','28007','es_hyper',22.02,0
92,'C8006454','0','F','28007','M781381298','28007','es_fashion',16.64,0
68,'C2748014','0','F','28007','M974703859','28007','es_fashion',5.6,0
175,'C4502630','2','M','28007','M743273060','28007','es_hyper',106.26,0
99,'C4693305','4','F','28007','M269124855','28007','es_fashion',35.49,0
79,'C8706358','4','F','28007','M685848991','28007','es_wellnessandbeauty',19.2,0
123,'C6246880','3','F','28007','M640906763','28007','es_health',38.89,0
42,'C3055723','1','M','28007','M646573613','28007','es_food',35.7,0
80,'C5833177','3','M','28007','M145932658','28007','es_tech',43.32,0
113,'C1157164','4','M','28007','M821322712','28007','es_fashion',29.79,0
100,'C3640328','2','F','28007','M798437615','28007','es_wellnessandbeauty',54.43,0
151,'C5594877','2','M','28007','M872427446','28007','es_hyper',5.81,0
16,'C6781565','2','M','28007','M304591500','28007','es_health',2.38,0
146,'C7197323','2','F','28007','M859220958','28007','es_wellnessandbeauty',36.97,0
116,'C8990340','1','M','28007','M840961146','28007','es_fashion',56.89,0
56,'C1787494','1','F','28007','M347212966','28007','es_hotelservices',78.53,0
74,'C3276360','3','F','28007','M534318588','28007','es_barsandrestaurants',44.25,0
169,'C7646705','4','M','28007','M157235484','28007','es_fashion',32.47,0
108,'C7243669','3','F','28007','M494659116','28007','es_wellnessandbeauty',45.11,0
18,'C9415398','2','F','28007','M577589542','28007','es_health',20.18,0
125,'C7939705','3','F','28007','M412632190','28007','es_tech',41.99,0
91,'C6304509','2','M','28007','M456015512','28007','es_sportsandtoys',22.07,0
57,'C2871403','5','F','28007','M412185646','28007','es_fashion',92.49,0
163,'C1423570','5','F','28007','M655762920','28007','es_transportation',23.21,0
116,'C7925877','2','F','28007','M295190712','28007','es_hotelservices',79.34,0
151,'C1160775','1','F','28007','M693858183','28007','es_hotelservices',12.82,0
100,'C8467048','1','M','28007','M238795966','28007','es_transportation',20.54,0
156,'C2600396','4','F','28007','M958134097','28007','es_health',35.26,0
9,'C8136029','4','M','28007','M213245302','28007','es_sportsandtoys',60.23,0
176,'C8468810','2','M','28007','M440007738','28007','es_transportation',24.13,0
98,'C5465150','1','M','28007','M592728837','28007','es_transportation',50.51,0
2,'C4196340','2','F','28007','M130413513','28007','es_hotelservices',11.66,0
109,'C7195200','5','F','28007','M650703552','28007','es_transportation',3.68,0
94,'C2186887','0','F','28007','M195856757','28007','es_health',68.91,0
53,'C8102173','3','F','28007','M223620654','28007','es_hyper',35.89,0
65,'C2534026','1','M','28007','M162468859','28007','es_food',33.2,0
29,'C1550222','2','F','28007','M522004019','28007','es_tech',55.58,0
29,'C5264694','2','F','28007','M299594780','28007','es_wellnessandbeauty',66.6,0
16,'C2854971','1','M','28007','M618856453','28007','es_fashion',10.21,0
42,'C9007407','2','F','28007','M649952694','28007','es_barsandrestaurants',8.95,0
131,'C9234679','2','F','28007','M165438362','28007','es_food',10.87,0
20,'C5150276','2','M','28007','M236600085','28007','es_fashion',28.76,0
11,'C5246049','1','M','28007','M407445658','28007','es_tech',655.2,1
55,'C4125354','4','M','28007','M215438617','28007','es_wellnessandbeauty',50.28,0
179,'C7160686','2','F','28007','M607900377','28007','es_hyper',46.62,0
153,'C7558221','1','M','28007','M903869698','28007','es_hyper',28.58,0
17,'C6872354','2','M','28007','M646681316','28007','es_hotelservices',66.3,0
85,'C1770173','1','F','28007','M501976531','28007','es_tech',56.48,0
108,'C5221038','2','F','28007','M348001134','28007','es_sportsandtoys',31.09,0
41,'C7482532','2','F','28007','M403990497','28007','es_sportsandtoys',16.03,0
120,'C1944789','1','M','28007','M790121219','28007','es_sportsandtoys',4.93,0
30,'C2033255','3','E','28007','M729686277','28007','es_food',89.28,0
78,'C3859653','5','F','28007','M824317106','28007','es_tech',28.8,0
25,'C9386180','1','M','28007','M853493778','28007','es_wellnessandbeauty',11.72,0
46,'C1854016','2','M','28007','M448915492','28007','es_wellnessandbeauty',33.54,0
133,'C3863793','2','F','28007','M310118281','28007','es_food',60.1,0
64,'C8796324','0','M','28007','M555704101','28007','es_hyper',5.95,0
68,'C1786667','2','F','28007','M908916104','28007','es_food',4.41,0
39,'C2092501','0','F','28007','M434753546','28007','es_tech',58.25,0
34,'C1873172','1','M','28007','M674488653','28007','es_hotelservices',15.3,0
41,'C8817304','3','M','28007','M645222157','28007','es_health',29.16,0
62,'C8490200','2','M','28007','M236826817','28007','es_fashion',36.26,0
178,'C8905477','4','F','28007','M464666823','28007','es_hotelservices',983.73,1
156,'C7867100','1','M','28007','M222715546','28007','es_hyper',10.01,0
65,'C4177993','2','F','28007','M542020981','28007','es_barsandrestaurants',18.66,0
108,'C2805468','2','F','28007','M782707267','28007','es_food',33.93,0
163,'C6735193','1','M','28007','M879956234','28007','es_hotelservices',11.03,0
22,'C5588334','1','F','28007','M795150809','28007','es_sportsandtoys',35.09,0
110,'C5424507','2','M','28007','M824777967','28007','es_wellnessandbeauty',2.82,0
126,'C1838761','3','M','28007','M396015752','28007','es_barsandrestaurants',5.85,0
40,'C3276106','2','M','28007','M810905177','28007','es_wellnessandbeauty',90.77,0
62,'C4578226','2','M','28007','M335199432','28007','es_fashion',58.83,0
116,'C7304680','1','M','28007','M587556697','28007','es_barsandrestaurants',16.91,0
161,'C3087258','2','M','28007','M969471083','28007','es_health',32.17,0
179,'C5108997','0','M','28007','M230978076','28007','es_barsandrestaurants',10.37,0
48,'C1570451','2','F','28007','M575160917','28007','es_sportsandtoys',33.67,0
140,'C5327858','1','F','28007','M981068063','28007','es_transportation',24.36,0
167,'C7511634','1','F','28007','M973118894','28007','es_food',22.34,0
113,'C4943645','2','M','28007','M881375360','28007','es_sportsandtoys',104.23,0
31,'C6211593','4','F','28007','M317968608','28007','es_hyper',66.09,0
134,'C8449607','0','M','28007','M942299350','28007','es_sportsandtoys',989.91,1
66,'C4185714','3','M','28007','M527097505','28007','es_health',46.84,0
119,'C9997354','5','F','28007','M705941941','28007','es_fashion',15.7,0
6,'C2839433','1','M','28007','M213954962','28007','es_health',21.15,0
1,'C3008960','3','M','28007','M140473321','28007','es_food',3.22,0
19,'C7193956','2','F','28007','M899407329','28007','es_fashion',105.78,0
85,'C5108880','4','F','28007','M720847085','28007','es_hyper',21.38,0
114,'C4173584','1','F','28007','M673284588','28007','es_tech',7.25,0
3,'C2014929','2','F','28007','M203316389','28007','es_food',38.89,0
121,'C7238795','1','M','28007','M687919316','28007','es_tech',48.11,0
97,'C2226476','3','M','28007','M806143916','28007','es_transportation',18.91,0
121,'C1691757','0','M','28007','M891867072','28007','es_health',53.59,0
28,'C5902666','1','M','28007','M302386214','28007','es_sportsandtoys',24.62,0
110,'C5131479','4','F','28007','M185518073','28007','es_wellnessandbeauty',8.19,0
80,'C2170365','5','M','28007','M629709256','28007','es_hotelservices',16.78,0
39,'C7984720','2','F','28007','M522135399','28007','es_hotelservices',4.76,0
107,'C6787749','2','M','28007','M493341995','28007','es_transportation',107.02,0
54,'C8599600','1','F','28007','M628048343','28007','es_health',59.5,0
117,'C3202575','3','M','28007','M729921035','28007','es_hotelservices',853.41,1
31,'C4813270','2','M','28007','M369959558','28007','es_fashion',9.49,0
71,'C7691409','3','M','28007','M981085410','28007','es_food',38.2,0
13,'C7081687','1','M','28007','M430511457','28007','es_health',16.54,0
107,'C2841648','2','F','28007','M640699345','28007','es_transportation',35.49,0
125,'C5137270','2','E','28007','M101020154','28007','es_hyper',18.96,0
95,'C9195810','1','M','28007','M326275356','28007','es_transportation',24.88,0
15,'C8969693','2','M','28007','M114372528','28007','es_health',14.33,0
67,'C4047569','1','M','28007','M176767936','28007','es_fashion',21.54,0
48,'C5317048','3','M','28007','M958826745','28007','es_fashion',5.28,0
38,'C1910775','4','F','28007','M760239421','28007','es_food',167.53,0
58,'C6693075','3','M','28007','M446356978','28007','es_hotelservices',553.3,1
168,'C2026553','3','M','28007','M348432388','28007','es_barsandrestaurants',77.33,0
98,'C7846192','1','M','28007','M135383985','28007','es_food',7.85,0
159,'C8663589','2','F','28007','M249744728','28007','es_tech',70.85,0
10,'C3339767','1','M','28007','M695918472','28007','es_health',71.35,0
8,'C4978702','3','F','28007','M473605306','28007','es_food',18.32,0
71,'C2725690','3','F','28007','M448090821','28007','es_fashion',42.24,0
80,'C1402732','2','F','28007','M420752313','28007','es_health',41.66,0
90,'C6203916','1','F','28007','M303693202','28007','es_sportsandtoys',7.99,0
47,'C6719720','2','M','28007','M873482164','28007','es_hotelservices',883.94,1
6,'C9437482','5','M','28007','M654357790','28007','es_hyper',1010.94,1
157,'C3592670','0','F','28007','M128500556','28007','es_hyper',5.07,0
154,'C4081328','2','M','28007','M644152417','28007','es_sportsandtoys',6.81,0
157,'C9824031','3','M','28007','M870935118','28007','es_fashion',98.89,0
95,'C6681635','1','M','28007','M994092304','28007','es_barsandrestaurants',24.46,0
21,'C3042999','0','F','28007','M856138670','28007','es_wellnessandbeauty',33.58,0
6,'C6155872','2','F','28007','M187649202','28007','es_hotelservices',316.89,1
28,'C2718224','1','F','28007','M216067598','28007','es_hyper',14.4,0
31,'C2502337','3','M','28007','M664080074','28007','es_health',7.73,0
91,'C4441628','4','M','28007','M694964410','28007','es_wellnessandbeauty',13.22,0
130,'C2847865','4','M','28007','M960535970','28007','es_transportation',18.09,0
14,'C3377935','2','M','28007','M974890200','28007','es_transportation',7.84,0
26,'C5437677','2','M','28007','M300995164','28007','es_fashion',121.94,0
147,'C5981262','2','M','28007','M637668880','28007','es_wellnessandbeauty',9.83,0
62,'C8330292','1','F','28007','M359252618','28007','es_transportation',4.63,0
63,'C5354385','2','F','28007','M278939423','28007','es_tech',54.97,0
135,'C7996746','2','M','28007','M541489995','28007','es_tech',2.65,0
53,'C5158549','1','M','28007','M210830503','28007','es_food',27.52,0
32,'C3049949','0','M','28007','M731030677','28007','es_hyper',31.34,0
173,'C8678073','3','M','28007','M819332214','28007','es_transportation',6.64,0
122,'C2443717','2','F','28007','M585091550','28007','es_tech',73.67,0
177,'C2308507','3','M','28007','M378421754','28007','es_hyper',30.18,0
133,'C4829049','3','F','28007','M275037566','28007','es_tech',610.54,1
11,'C5335702','3','M','28007','M597108210','28007','es_hotelservices',24.23,0
172,'C4174108','3','F','28007','M794378283','28007','es_food',39.07,0
36,'C2031519','2','F','28007','M450153627','28007','es_hotelservices',10.72,0
96,'C3614150','2','F','28007','M812566713','28007','es_sportsandtoys',16.86,0
107,'C5031419','0','F','28007','M437908319','28007','es_tech',47.22,0
65,'C1289102','4','M','28007','M215224489','28007','es_health',87.21,0
11,'C5443778','2','F','28007','M665078882','28007','es_hotelservices',85.9,0
86,'C8537165','5','M','28007','M548330564','28007','es_barsandrestaurants',11.94,0
59,'C6540070','2','F','28007','M802329669','28007','es_transportation',124.05,0
65,'C3090212','0','F','28007','M523973323','28007','es_sportsandtoys',11.47,0
30,'C8196042','4','M','28007','M447417167','28007','es_hotelservices',40.74,0
104,'C6154048','2','F','28007','M952909003','28007','es_transportation',17.58,0
27,'C7507640','2','M','28007','M243932619','28007','es_fashion',44.77,0
55,'C5015470','4','M','28007','M580691132','28007','es_wellnessandbeauty',4.06,0
36,'C4932441','0','M','28007','M968438213','28007','es_fashion',15.3,0
178,'C4040267','1','E','28007','M898725370','28007','es_food',128.54,0
38,'C7935774','1','F','28007','M497943702','28007','es_barsandrestaurants',3.07,0
44,'C7681935','4','F','28007','M797424903','28007','es_food',47.93,0
156,'C1800101','4','M','28007','M927322145','28007','es_transportation',103.27,0
157,'C5642929','1','F','28007','M592241198','28007','es_sportsandtoys',6.2,0
88,'C9704813','4','F','28007','M919803422','28007','es_fashion',32.13,0
62,'C3627144','4','E','28007','M110427148','28007','es_tech',453.12,1
67,'C9908385','2','M','28007','M819808101','28007','es_health',52.28,0
22,'C9545106','4','M','28007','M301302013','28007','es_barsandrestaurants',15.93,0
64,'C2961977','2','F','28007','M695102523','28007','es_tech',29.61,0
34,'C4037099','0','F','28007','M823463111','28007','es_hotelservices',26.29,0
84,'C1225049','5','F','28007','M805390491','28007','es_fashion',6.04,0
132,'C2654753','2','M','28007','M563448846','28007','es_hyper',46.32,0
122,'C8313834','0','M','28007','M132482294','28007','es_fashion',11.77,0
50,'C8188238','1','M','28007','M935621650','28007','es_food',35.62,0
116,'C5338843','2','M','28007','M573879971','28007','es_food',133.61,0
89,'C4403096','2','M','28007','M569937259','28007','es_hotelservices',9.14,0
55,'C2883376','2','M','28007','M849589587','28007','es_wellnessandbeauty',61.2,0
171,'C2906039','2','M','28007','M111098252','28007','es_hyper',27.34,0
136,'C4329049','1','F','28007','M791612025','28007','es_tech',82.6,0
48,'C8467866','3','M','28007','M411876114','28007','es_wellnessandbeauty',40.54,0
145,'C5428690','2','M','28007','M471980529','28007','es_fashion',48.73,0
160,'C9143478','2','M','28007','M367455268','28007','es_health',29.69,0
137,'C2206861','2','M','28007','M708916376','28007','es_food',33.81,0
145,'C9482626','2','M','28007','M926506992','28007','es_hyper',61.77,0
67,'C8226585','2','F','28007','M197163884','28007','es_wellnessandbeauty',80.61,0
130,'C1403322','2','F','28007','M926394380','28007','es_transportation',40.76,0
171,'C5077716','1','F','28007','M873660738','28007','es_barsandrestaurants',23.36,0
85,'C7520645','1','M','28007','M585091941','28007','es_transportation',22.69,0
115,'C7651143','2','M','28007','M852920396','28007','es_tech',579.95,1
157,'C5948600','3','M','28007','M318412431','28007','es_sportsandtoys',93.69,0
22,'C4772763','5','M','28007','M860213351','28007','es_sportsandtoys',66.59,0
148,'C6859046','4','F','28007','M129370827','28007','es_barsandrestaurants',4.28,0
35,'C4413654','1','M','28007','M476422740','28007','es_food',30.24,0
74,'C5584258','2','M','28007','M532049347','28007','es_food',90.14,0
170,'C2583246','U','F','28007','M995545833','28007','es_transportation',61.53,0
34,'C6287913','4','F','28007','M271929423','28007','es_hyper',4.95,0
148,'C8084609','1','M','28007','M990445005','28007','es_wellnessandbeauty',96.47,0
24,'C6272864','4','F','28007','M556352877','28007','es_barsandrestaurants',15.37,0
168,'C5217733','1','M','28007','M392797831','28007','es_fashion',291.92,1
67,'C8904428','2','F','28007','M883822431','28007','es_wellnessandbeauty',5.91,0
133,'C2428127','1','F','28007','M745108795','28007','es_hyper',4.22,0
161,'C4512664','1','E','28007','M348165628','28007','es_sportsandtoys',21.69,0
136,'C7976610','1','F','28007','M166088429','28007','es_health',43.17,0
96,'C7913283','2','M','28007','M594863718','28007','es_wellnessandbeauty',39.32,0
165,'C2297638','3','F','28007','M764854206','28007','es_health',20.71,0
13,'C5749766','3','F','28007','M147378941','28007','es_hyper',24.98,0
78,'C1502420','3','M','28007','M251655846','28007','es_fashion',2.43,0
81,'C2352144','1','F','28007','M977793982','28007','es_fashion',5.61,0
25,'C7919875','4','M','28007','M751592273','28007','es_sportsandtoys',35.32,0
156,'C8596585','3','F','28007','M981905768','28007','es_transportation',102.16,0
129,'C1442939','1','M','28007','M874463729','28007','es_hotelservices',55.18,0
27,'C3073290','2','M','28007','M959527893','28007','es_sportsandtoys',79.06,0
86,'C8436754','1','E','28007','M930101590','28007','es_fashion',3.36,0
86,'C7354986','3','F','28007','M552550114','28007','es_sportsandtoys',684.01,1
57,'C5335518','1','M','28007','M205886094','28007','es_health',9.17,0
4,'C1629085','3','M','28007','M848599433','28007','es_barsandrestaurants',27.3,0
80,'C6303943','3','F','28007','M666676417','28007','es_food',12.32,0
67,'C6137997','1','F','28007','M280179133','28007','es_food',6.68,0
90,'C3900737','2','F','28007','M189198479','28007','es_food',16.45,0
167,'C4759505','1','M','28007','M882014266','28007','es_hotelservices',102.31,0
157,'C2750740','3','F','28007','M154610032','28007','es_sportsandtoys',40.96,0
118,'C2556518','3','F','28007','M109625105','28007','es_fashion',23.6,0
135,'C9281447','2','M','28007','M331319263','28007','es_barsandrestaurants',12.98,0
91,'C1880412','3','M','28007','M895848916','28007','es_wellnessandbeauty',10.41,0
150,'C4690583','2','M','28007','M135154340','28007','es_transportation',14.36,0
18,'C6949852','1','F','28007','M646055448','28007','es_fashion',23.67,0
143,'C3513024','3','F','28007','M219838595','28007','es_sportsandtoys',76.16,0
97,'C4911146','2','F','28007','M379681325','28007','es_hyper',42.75,0
111,'C4099555','0','F','28007','M251661109','28007','es_transportation',50.46,0
120,'C2935090','3','M','28007','M108805586','28007','es_fashion',19.04,0
131,'C5742297','2','M','28007','M940173543','28007','es_hyper',800.57,1
3,'C8008443','3','M','28007','M478825846','28007','es_hyper',37.98,0
79,'C9874883','1','F','28007','M526786461','28007','es_food',2.81,0
146,'C3414802','1','M','28007','M249881373','28007','es_hotelservices',56.39,0
18,'C6510493','2','M','28007','M480535953','28007','es_wellnessandbeauty',58.57,0
46,'C9333100','1','F','28007','M253122543','28007','es_barsandrestaurants',50.13,0
102,'C7699144','5','M','28007','M381534963','28007','es_hotelservices',2.93,0
112,'C3326133','1','F','28007','M309274732','28007','es_health',12.51,0
45,'C8028722','2','M','28007','M326101296','28007','es_fashion',25.09,0
69,'C6913318','4','F','28007','M229764119','28007','es_tech',210.14,1
173,'C4651387','1','M','28007','M841410387','28007','es_sportsandtoys',2.47,0
151,'C7984297','1','M','28007','M210004150','28007','es_sportsandtoys',18.24,0
105,'C5464344','3','M','28007','M542766563','28007','es_sportsandtoys',800.68,1
106,'C6028035','2','F','28007','M471190853','28007','es_food',29.82,0
142,'C7342057','3','F','28007','M634403213','28007','es_tech',138.14,0
68,'C8863426','3','M','28007','M479087152','28007','es_health',104.83,0
139,'C8946232','1','M','28007','M821511294','28007','es_hotelservices',867.94,1
32,'C1206487','1','F','28007','M282732842','28007','es_tech',29.86,0
97,'C6451973','3','M','28007','M705416964','28007','es_food',10.52,0
73,'C6832801','4','M','28007','M295128405','28007','es_sportsandtoys',6.15,0
58,'C7439522','1','F','28007','M964850879','28007','es_hyper',29.55,0
67,'C1865139','2','M','28007','M649026004','28007','es_barsandrestaurants',12.33,0
124,'C9678376','2','F','28007','M349025392','28007','es_food',23.82,0
43,'C1443945','2','M','28007','M773365427','28007','es_hyper',18.75,0
146,'C2274634','1','F','28007','M259506327','28007','es_tech',37.24,0
54,'C9803208','2','F','28007','M241857895','28007','es_food',43.66,0
11,'C9468865','2','F','28007','M770630146','28007','es_food',26.76,0
128,'C3710527','2','F','28007','M402269103','28007','es_fashion',35.44,0
18,'C2960584','3','F','28007','M820527934','28007','es_hyper',47.21,0
161,'C9127747','U','F','28007','M770590522','28007','es_hyper',42.64,0
130,'C1239968','0','F','28007','M441048701','28007','es_fashion',16.38,0
8,'C2027557','2','F','28007','M376381611','28007','es_tech',62.34,0
107,'C7703560','2','F','28007','M436077954','28007','es_hotelservices',6.19,0
160,'C7841300','2','F','28007','M960500910','28007','es_food',38.86,0
175,'C4489429','3','F','28007','M502598749','28007','es_health',926.26,1
161,'C4802177','2','M','28007','M880264494','28007','es_hyper',39.28,0
0,'C5740039','1','M','28007','M488179522','28007','es_wellnessandbeauty',10.5,0
142,'C8331006','1','F','28007','M779920564','28007','es_wellnessandbeauty',73.73,0
38,'C3148091','3','M','28007','M775147488','28007','es_barsandrestaurants',30.77,0
90,'C8486327','2','M','28007','M665268980','28007','es_sportsandtoys',20.63,0
77,'C3892371','0','M','28007','M216715789','28007','es_hotelservices',6.77,0
82,'C1515693','4','F','28007','M335822792','28007','es_wellnessandbeauty',35.99,0
72,'C1273146','2','F','28007','M680203282','28007','es_wellnessandbeauty',44.57,0
60,'C9309411','1','M','28007','M153274943','28007','es_transportation',14.55,0
52,'C2558242','1','F','28007','M524378408','28007','es_wellnessandbeauty',75.41,0
1,'C3414165','4','M','28007','M439169974','28007','es_transportation',21.62,0
10,'C1422381','4','F','28007','M373335620','28007','es_wellnessandbeauty',25.46,0
136,'C6289283','4','M','28007','M984009439','28007','es_transportation',43.5,0
167,'C3320715','4','M','28007','M690660110','28007','es_tech',8.3,0
149,'C7961383','4','M','28007','M266654456','28007','es_health',27.14,0
27,'C8296405','3','F','28007','M154441451','28007','es_food',24.41,0
104,'C6547094','2','F','28007','M112545745','28007','es_transportation',34.43,0
26,'C3471378','1','F','28007','M449382748','28007','es_transportation',24.2,0
175,'C8010131','1','F','28007','M123647205','28007','es_transportation',10.65,0
42,'C1749971','1','M','28007','M325853780','28007','es_fashion',27.16,0
106,'C7094645','4','M','28007','M474060580','28007','es_transportation',6.23,0
50,'C5107834','2','F','28007','M853424063','28007','es_health',94.79,0
44,'C1192512','2','F','28007','M668046151','28007','es_sportsandtoys',12.45,0
160,'C9312934','5','F','28007','M584818072','28007','es_hyper',63.93,0
176,'C3164563','3','M','28007','M674833629','28007','es_transportation',18.12,0
146,'C5204955','2','F','28007','M762454603','28007','es_hotelservices',50.5,0
1,'C3593726','2','F','28007','M692873266','28007','es_hotelservices',7.23,0
120,'C9494630','4','F','28007','M617794458','28007','es_fashion',4.41,0
143,'C7494503','3','F','28007','M239555083','28007','es_health',5.09,0
100,'C9201428','3','M','28007','M386573975','28007','es_tech',556.76,1
106,'C2046161','2','M','28007','M282683720','28007','es_fashion',33.23,0
107,'C7465377','2','M','28007','M440446379','28007','es_tech',15.44,0
47,'C3538143','2','F','28007','M982984547','28007','es_transportation',27.09,0
155,'C4615652','2','M','28007','M151139392','28007','es_transportation',16.53,0
145,'C1788443','0','M','28007','M279187162','28007','es_transportation',67.74,0
135,'C6637025','3','F','28007','M356359909','28007','es_transportation',8.41,0
177,'C6217092','1','F','28007','M237064002','28007','es_wellnessandbeauty',10.2,0
106,'C6446079','2','M','28007','M371468805','28007','es_fashion',82.62,0
124,'C7299492','2','M','28007','M429455611','28007','es_tech',13.91,0
174,'C9556255','2','F','28007','M762047908','28007','es_tech',29.31,0
85,'C4494708','3','M','28007','M324769577','28007','es_food',9.58,0
84,'C7898046','1','F','28007','M347857510','28007','es_wellnessandbeauty',32.4,0
23,'C9950668','2','F','28007','M751884978','28007','es_transportation',14.51,0
151,'C3181906','1','M','28007','M269477403','28007','es_fashion',29.41,0
146,'C7289249','3','F','28007','M615263627','28007','es_barsandrestaurants',56.71,0
4,'C6333968','3','M','28007','M248009977','28007','es_barsandrestaurants',23.74,0
47,'C4070771','4','F','28007','M638287865','28007','es_wellnessandbeauty',9.95,0
150,'C2230746','2','F','28007','M431910897','28007','es_transportation',140.24,0
81,'C9802907','3','F','28007','M415804419','28007','es_hyper',9.83,0
72,'C4770183','4','M','28007','M516478064','28007','es_transportation',4.26,0
37,'C7839789','1','F','28007','M154101105','28007','es_barsandrestaurants',46.89,0
53,'C7969129','2','F','28007','M399779275','28007','es_food',48.22,0
29,'C2790008','3','E','28007','M961789553','28007','es_sportsandtoys',5.29,0
29,'C6124674','3','F','28007','M396479630','28007','es_fashion',1133.95,1
127,'C3531528','3','F','28007','M587925953','28007','es_sportsandtoys',46.95,0
127,'C4678621','0','M','28007','M311013191','28007','es_health',32.12,0
33,'C9547900','1','F','28007','M880604481','28007','es_sportsandtoys',1034.18,1
123,'C1237199','2','M','28007','M756585740','28007','es_sportsandtoys',11.26,0
38,'C3332214','4','M','28007','M496128038','28007','es_transportation',10.66,0
12,'C9291860','1','M','28007','M141280792','28007','es_barsandrestaurants',46.53,0
31,'C1562621','2','F','28007','M334751541','28007','es_wellnessandbeauty',28.15,0
177,'C2195885','3','F','28007','M325489941','28007','es_wellnessandbeauty',54.26,0
11,'C3584182','1','F','28007','M416874487','28007','es_food',13.09,0
48,'C6070414','1','M','28007','M241805404','28007','es_hotelservices',33.5,0
86,'C6305431','3','M','28007','M917970091','28007','es_tech',1127.43,1
120,'C4689024','1','F','28007','M600569761','28007','es_wellnessandbeauty',79.86,0
140,'C3188370','4','M','28007','M852220850','28007','es_fashion',3.51,0
156,'C4994528','4','F','28007','M855260342','28007','es_hotelservices',416.94,1
12,'C6170080','1','M','28007','M856379075','28007','es_tech',5.9,0
139,'C6630761','1','F','28007','M680336486','28007','es_tech',6.12,0
104,'C7759291','4','M','28007','M323636196','28007','es_wellnessandbeauty',10.34,0
72,'C1118581','4','M','28007','M863701868','28007','es_hyper',14.25,0
7,'C4110691','3','M','28007','M722051307','28007','es_fashion',24.1,0
64,'C1164074','2','M','28007','M578941301','28007','es_barsandrestaurants',12.9,0
52,'C3338377','0','M','28007','M475146263','28007','es_food',6.65,0
137,'C1737954','2','M','28007','M232876304','28007','es_barsandrestaurants',47.17,0
152,'C8563493','3','M','28007','M174099471','28007','es_transportation',132.56,0
26,'C5881909','0','F','28007','M345481181','28007','es_tech',428.86,1
152,'C4201078','2','M','28007','M622866301','28007','es_fashion',130.0,0
110,'C1676296','2','F','28007','M555896022','28007','es_tech',10.12,0
58,'C5371047','1','M','28007','M543634913','28007','es_hyper',32.55,0
103,'C6661064','1','F','28007','M748356819','28007','es_food',30.84,0
21,'C8972368','1','M','28007','M704744041','28007','es_tech',55.21,0
44,'C6087692','3','F','28007','M693417198','28007','es_transportation',89.32,0
56,'C9741022','3','M','28007','M732661744','28007','es_food',812.47,1
53,'C7784672','5','F','28007','M547826655','28007','es_hotelservices',4.78,0
37,'C3664749','2','M','28007','M811889885','28007','es_barsandrestaurants',10.21,0
107,'C2203920','6','F','28007','M545752842','28007','es_barsandrestaurants',37.42,0
47,'C2821367','3','E','28007','M398671096','28007','es_fashion',33.51,0
54,'C6366645','0','M','28007','M440984427','28007','es_health',17.35,0
16,'C3897706','2','F','28007','M131397110','28007','es_sportsandtoys',24.68,0
95,'C7039523','1','F','28007','M815543590','28007','es_transportation',31.14,0
85,'C7450219','0','M','28007','M559687524','28007','es_hotelservices',3.65,0
169,'C6830395','1','F','28007','M350291119','28007','es_barsandrestaurants',3.04,0
107,'C2901740','1','M','28007','M734953463','28007','es_hyper',176.96,0
159,'C5301400','3','M','28007','M711853267','28007','es_wellnessandbeauty',89.72,0
112,'C8097037','2','E','28007','M685503580','28007','es_wellnessandbeauty',20.8,0
113,'C1801849','4','F','28007','M218194006','28007','es_hotelservices',50.77,0
132,'C4704697','5','M','28007','M871161079','28007','es_tech',32.5,0
138,'C4541815','2','F','28007','M137693721','28007','es_health',17.24,0
46,'C7072310','4','F','28007','M827773588','28007','es_wellnessandbeauty',78.9,0
115,'C6737580','2','M','28007','M450317714','28007','es_hyper',37.38,0
67,'C3535394','2','M','28007','M361471511','28007','es_sportsandtoys',913.09,1
23,'C5467223','3','M','28007','M640663736','28007','es_transportation',13.62,0
22,'C6679980','0','M','28007','M166772797','28007','es_tech',587.39,1
53,'C3027320','5','M','28007','M332781733','28007','es_fashion',11.17,0
178,'C5809045','3','F','28007','M800282366','28007','es_wellnessandbeauty',68.03,0
86,'C2099577','2','M','28007','M112084335','28007','es_health',18.22,0
122,'C9615797','2','M','28007','M153613589','28007','es_fashion',7.67,0
15,'C2420858','2','F','28007','M188782879','28007','es_food',32.68,0
138,'C7007509','1','F','28007','M299973299','28007','es_tech',738.1,1
64,'C7263998','2','M','28007','M885656296','28007','es_sportsandtoys',8.95,0
166,'C4344250','3','M','28007','M637408889','28007','es_hyper',16.79,0
161,'C5784808','1','M','28007','M467694085','28007','es_wellnessandbeauty',69.96,0
62,'C3122827','3','M','28007','M311783871','28007','es_transportation',25.06,0
99,'C5507167','2','F','28007','M168985200','28007','es_health',6.65,0
77,'C3468665','2','F','28007','M518820854','28007','es_wellnessandbeauty',26.34,0
133,'C8181479','1','F','28007','M583787141','28007','es_sportsandtoys',58.33,0
146,'C9686283','1','F','28007','M352501080','28007','es_wellnessandbeauty',36.33,0
1,'C2375607','3','F','28007','M404476999','28007','es_hyper',97.83,0
113,'C4432207','6','F','28007','M847409871','28007','es_sportsandtoys',726.3,1
125,'C1245300','2','M','28007','M620947088','28007','es_barsandrestaurants',48.18,0
77,'C1154692','1','F','28007','M253580861','28007','es_food',42.48,0
122,'C9152513','1','M','28007','M708744588','28007','es_wellnessandbeauty',37.02,0
13,'C2568146','3','F','28007','M219626780','28007','es_sportsandtoys',21.8,0
56,'C5708569','2','F','28007','M542902849','28007','es_barsandrestaurants',137.14,0
168,'C7139353','2','M','28007','M184629168','28007','es_hyper',10.04,0
88,'C9075042','1','M','28007','M773262153','28007','es_barsandrestaurants',34.39,0
38,'C2011930','1','F','28007','M303112410','28007','es_tech',779.0,1
83,'C1289134','2','F','28007','M975281301','28007','es_health',31.03,0
72,'C1777567','2','M','28007','M190607715','28007','es_food',104.64,0
153,'C7687666','4','M','28007','M476178453','28007','es_wellnessandbeauty',41.89,0
27,'C4843139','4','F','28007','M914547026','28007','es_transportation',47.28,0
45,'C5469353','3','M','28007','M808646053','28007','es_transportation',49.53,0
177,'C3088062','3','F','28007','M388846467','28007','es_tech',197.62,0
91,'C1044816','2','F','28007','M962719921','28007','es_wellnessandbeauty',39.15,0
150,'C2897951','4','M','28007','M555142112','28007','es_tech',231.0,1
33,'C1112935','2','M','28007','M558409273','28007','es_transportation',4.96,0
47,'C5310518','3','F','28007','M413463058','28007','es_wellnessandbeauty',29.5,0
173,'C9127333','3','F','28007','M192122861','28007','es_sportsandtoys',539.67,1
72,'C7766886','1','M','28007','M724256693','28007','es_fashion',56.19,0
84,'C6081857','2','M','28007','M982447547','28007','es_barsandrestaurants',22.45,0
106,'C7469723','2','F','28007','M250743551','28007','es_hotelservices',466.1,1
134,'C7393404','2','M','28007','M552660430','28007','es_transportation',20.45,0
120,'C2315823','2','F','28007','M926915675','28007','es_fashion',46.62,0
46,'C7616659','2','F','28007','M134206848','28007','es_wellnessandbeauty',22.5,0
22,'C5191896','2','M','28007','M437393715','28007','es_sportsandtoys',14.88,0
31,'C4138102','5','M','28007','M548501737','28007','es_transportation',101.13,0
96,'C5318420','4','M','28007','M438749548','28007','es_health',27.81,0
4,'C5980137','4','M','28007','M806591133','28007','es_tech',460.74,1
164,'C5025942','1','F','28007','M604878998','28007','es_transportation',71.57,0
133,'C2587819','2','M','28007','M458863136','28007','es_transportation',48.14,0
121,'C8845870','1','M','28007','M182568904','28007','es_hotelservices',11.85,0
46,'C2751797','1','M','28007','M408860567','28007','es_sportsandtoys',20.75,0
32,'C2609184','2','F','28007','M968210862','28007','es_hotelservices',675.12,1
140,'C6113728','2','F','28007','M595616204','28007','es_transportation',96.67,0
38,'C3866457','2','M','28007','M163569689','28007','es_transportation',53.9,0
102,'C6595956','3','F','28007','M560888234','28007','es_tech',20.36,0
28,'C5860319','3','F','28007','M947291464','28007','es_sportsandtoys',23.9,0
85,'C2337768','2','M','28007','M278491112','28007','es_hyper',9.09,0
168,'C7296450','0','M','28007','M734685496','28007','es_sportsandtoys',444.93,1
135,'C9743662','2','F','28007','M385893339','28007','es_wellnessandbeauty',4.69,0
65,'C8084364','3','M','28007','M926978524','28007','es_hotelservices',10.7,0
63,'C1350067','0','M','28007','M870037855','28007','es_food',25.16,0
91,'C7964705','3','F','28007','M385457816','28007','es_wellnessandbeauty',32.67,0
100,'C7622575','3','F','28007','M177344057','28007','es_wellnessandbeauty',40.93,0
43,'C1282140','2','F','28007','M516451454','28007','es_barsandrestaurants',85.6,0
130,'C8683647','3','F','28007','M278870004','28007','es_barsandrestaurants',14.83,0
12,'C8903498','1','M','28007','M374134074','28007','es_tech',375.66,1
93,'C7236893','4','F','28007','M907111886','28007','es_transportation',7.02,0
114,'C7521689','2','F','28007','M877762160','28007','es_barsandrestaurants',37.44,0
60,'C2258624','2','F','28007','M935976569','28007','es_wellnessandbeauty',4.28,0
131,'C3514399','3','M','28007','M479610451','28007','es_hotelservices',18.08,0
27,'C8576126','1','M','28007','M694698847','28007','es_health',36.8,0
45,'C8930221','4','M','28007','M748372124','28007','es_hyper',63.09,0
1,'C9207623','1','F','28007','M388861951','28007','es_barsandrestaurants',240.2,0
42,'C9977182','3','F','28007','M124561090','28007','es_health',14.69,0
12,'C6044080','5','F','28007','M525970580','28007','es_health',2.48,0
47,'C7654754','0','M','28007','M815555735','28007','es_food',14.93,0
98,'C4924482','2','F','28007','M473389449','28007','es_health',165.64,0
126,'C4812010','3','M','28007','M438615960','28007','es_wellnessandbeauty',72.98,0
138,'C2684449','2','F','28007','M929183636','28007','es_food',59.11,0
165,'C1418829','1','M','28007','M850701457','28007','es_hyper',6.08,0
74,'C2543812','1','F','28007','M738399464','28007','es_barsandrestaurants',7.94,0
63,'C8150406','2','M','28007','M981065931','28007','es_barsandrestaurants',40.57,0
92,'C8557773','1','F','28007','M207229088','28007','es_hyper',23.15,0
39,'C9717429','3','F','28007','M697138587','28007','es_sportsandtoys',76.68,0
65,'C8562160','1','F','28007','M457301785','28007','es_sportsandtoys',773.79,1
147,'C3120711','1','M','28007','M811556816','28007','es_wellnessandbeauty',77.07,0
61,'C2264134','2','F','28007','M887927991','28007','es_fashion',77.57,0
72,'C5914082','1','M','28007','M921248464','28007','es_hyper',100.92,0
116,'C3621158','2','M','28007','M827174928','28007','es_hotelservices',5.11,0
10,'C2490017','1','M','28007','M337178929','28007','es_barsandrestaurants',4.72,0
14,'C2806210','6','M','28007','M591479623','28007','es_sportsandtoys',313.35,1
138,'C9740973','2','M','28007','M188136247','28007','es_hotelservices',17.37,0
124,'C8291916','1','M','28007','M353504597','28007','es_wellnessandbeauty',16.68,0
126,'C8880055','1','F','28007','M325140086','28007','es_fashion',55.08,0
127,'C1871535','1','F','28007','M923544896','28007','es_hyper',19.63,0
105,'C3873524','2','M','28007','M516879704','28007','es_food',54.53,0
142,'C1116841','2','F','28007','M487011238','28007','es_transportation',100.71,0
81,'C2638846','2','F','28007','M778959547','28007','es_hyper',58.28,0
143,'C1464310','3','M','28007','M159488479','28007','es_sportsandtoys',107.88,0
133,'C6673938','3','F','28007','M613704205','28007','es_barsandrestaurants',30.16,0
24,'C7489759','1','M','28007','M549697911','28007','es_fashion',10.64,0
149,'C6766140','2','F','28007','M620419133','28007','es_tech',12.2,0
137,'C1872834','4','M','28007','M508540958','28007','es_fashion',41.1,0
168,'C3331348','4','M','28007','M156896917','28007','es_wellnessandbeauty',1064.2,1
113,'C7572531','3','M','28007','M994743008','28007','es_transportation',5.45,0
57,'C5280428','4','F','28007','M849568314','28007','es_hotelservices',33.2,0
155,'C9471414','2','M','28007','M516228240','28007','es_hyper',18.5,0
93,'C6044829','1','M','28007','M145444007','28007','es_health',86.51,0
107,'C6478878','1','F','28007','M222280861','28007','es_transportation',94.28,0
110,'C3247680','3','F','28007','M469397535','28007','es_transportation',88.26,0
135,'C3115226','1','M','28007','M320957927','28007','es_hotelservices',50.63,0
170,'C8596537','3','F','28007','M869420694','28007','es_sportsandtoys',4.4,0
164,'C7119922','2','F','28007','M824055410','28007','es_sportsandtoys',1159.57,1
62,'C2614694','1','F','28007','M866651538','28007','es_sportsandtoys',67.96,0
118,'C9466724','4','F','28007','M217959897','28007','es_transportation',117.73,0
51,'C6180703','2','M','28007','M897338299','28007','es_health',16.54,0
103,'C3848439','2','M','28007','M501092817','28007','es_sportsandtoys',148.63,0
113,'C4531674','1','M','28007','M508936011','28007','es_sportsandtoys',22.85,0
33,'C9132162','1','M','28007','M795413737','28007','es_tech',51.07,0
9,'C7061266','4','F','28007','M130271417','28007','es_transportation',10.36,0
43,'C5472089','3','F','28007','M558568113','28007','es_wellnessandbeauty',14.24,0
175,'C7822255','1','M','28007','M892990365','28007','es_health',21.67,0
176,'C7305236','3','F','28007','M262973989','28007','es_hotelservices',33.73,0
45,'C2473300','2','M','28007','M551536965','28007','es_transportation',10.6,0
90,'C9020497','1','F','28007','M199398503','28007','es_hyper',20.52,0
137,'C6381299','0','F','28007','M318960444','28007','es_fashion',4.75,0
36,'C7535223','1','F','28007','M388768584','28007','es_food',3.15,0
29,'C1792330','2','M','28007','M840984409','28007','es_sportsandtoys',99.5,0
121,'C3585181','1','F','28007','M878393556','28007','es_sportsandtoys',3.81,0
51,'C3598475','2','M','28007','M589498734','28007','es_transportation',32.17,0
169,'C2647824','1','F','28007','M288675279','28007','es_sportsandtoys',3.86,0
89,'C8942992','2','F','28007','M382128546','28007','es_sportsandtoys',62.73,0
26,'C2097996','2','M','28007','M884067234','28007','es_barsandrestaurants',4.79,0
150,'C2383640','2','F','28007','M365438169','28007','es_wellnessandbeauty',39.16,0
145,'C1337283','2','F','28007','M393992460','28007','es_hyper',6.33,0
18,'C1578110','4','F','28007','M429866576','28007','es_health',30.0,0
159,'C7926767','0','M','28007','M908212860','28007','es_transportation',116.7,0
98,'C1122019','2','F','28007','M779291277','28007','es_fashion',19.6,0
67,'C8045927','1','F','28007','M280024509','28007','es_wellnessandbeauty',8.45,0
30,'C9499970','1','F','28007','M153012638','28007','es_tech',65.38,0
70,'C4050999','2','M','28007','M385987964','28007','es_tech',5.35,0
145,'C1359281','3','M','28007','M932810593','28007','es_hyper',29.2,0
121,'C7932973','1','F','28007','M102050053','28007','es_hotelservices',25.16,0
95,'C5067784','2','F','28007','M423029615','28007','es_sportsandtoys',435.6,1
138,'C9196906','5','F','28007','M723437251','28007','es_transportation',16.85,0
34,'C7200853','1','M','28007','M612576246','28007','es_hotelservices',783.71,1
86,'C3343136','2','M','28007','M950813768','28007','es_hyper',78.35,0
68,'C4443571','2','M','28007','M788163739','28007','es_food',20.95,0
24,'C2443401','4','M','28007','M714626617','28007','es_hyper',3.88,0
98,'C4809395','2','M','28007','M201824010','28007','es_fashion',130.68,0
125,'C6248575','1','M','28007','M859849937','28007','es_barsandrestaurants',21.07,0
17,'C6620724','3','F','28007','M235787448','28007','es_hotelservices',19.74,0
129,'C8738170','2','F','28007','M106240327','28007','es_hyper',27.2,0
62,'C2460235','2','M','28007','M390144720','28007','es_sportsandtoys',5.21,0
89,'C7918863','1','M','28007','M643128750','28007','es_fashion',10.3,0
70,'C3201580','4','F','28007','M462500290','28007','es_wellnessandbeauty',30.16,0
105,'C7687764','3','F','28007','M760995059','28007','es_wellnessandbeauty',16.89,0
129,'C3429151','3','M','28007','M248918115','28007','es_health',9.52,0
61,'C9657116','2','M','28007','M365909614','28007','es_wellnessandbeauty',6.12,0
37,'C1506995','3','F','28007','M843425032','28007','es_wellnessandbeauty',3.62,0
86,'C5722340','1','M','28007','M448878625','28007','es_hotelservices',26.58,0
67,'C4081362','1','M','28007','M150147490','28007','es_tech',37.55,0
94,'C4297466','2','M','28007','M444820027','28007','es_sportsandtoys',68.53,0
45,'C1407974','4','F','28007','M414706048','28007','es_hyper',34.35,0
110,'C9479025','1','M','28007','M937557215','28007','es_transportation',55.14,0
129,'C4896937','4','M','28007','M640973465','28007','es_sportsandtoys',1162.01,1
11,'C4017193','4','F','28007','M167985200','28007','es_food',21.62,0
165,'C5071867','4','M','28007','M792093943','28007','es_tech',12.12,0
21,'C4924152','3','M','28007','M492210593','28007','es_hotelservices',20.55,0
72,'C3118219','0','F','28007','M343771896','28007','es_food',25.07,0
65,'C3650432','3','F','28007','M297276570','28007','es_food',119.64,0
28,'C6546510','4','F','28007','M374532476','28007','es_hyper',4.52,0
77,'C5788109','3','F','28007','M747197845','28007','es_sportsandtoys',168.68,0
21,'C9730829','3','E','28007','M553038519','28007','es_tech',65.6,0
147,'C3629137','2','M','28007','M127205484','28007','es_fashion',37.15,0
139,'C2553744','3','F','28007','M498276294','28007','es_transportation',89.71,0
97,'C8970564','1','M','28007','M264289279','28007','es_transportation',15.64,0
82,'C6062581','1','F','28007','M720212108','28007','es_wellnessandbeauty',27.29,0
69,'C9580504','2','F','28007','M695825147','28007','es_tech',24.89,0
171,'C5791882','3','F','28007','M764539082','28007','es_barsandrestaurants',191.67,0
45,'C5537454','2','F','28007','M570541139','28007','es_barsandrestaurants',43.52,0
160,'C1964795','1','F','28007','M930741707','28007','es_wellnessandbeauty',51.01,0
3,'C1671986','2','F','28007','M611842988','28007','es_tech',22.48,0
108,'C9901674','1','M','28007','M201204825','28007','es_health',32.83,0
155,'C9507528','1','M','28007','M553047846','28007','es_health',29.51,0
10,'C5532889','1','F','28007','M199699297','28007','es_health',12.18,0
112,'C2531817','1','F','28007','M292295239','28007','es_wellnessandbeauty',17.88,0
10,'C7379878','2','M','28007','M966459289','28007','es_barsandrestaurants',17.54,0
116,'C7025261','3','F','28007','M170984280','28007','es_barsandrestaurants',120.92,0
3,'C7038602','4','F','28007','M345839481','28007','es_barsandrestaurants',56.63,0
27,'C7898410','5','M','28007','M366445877','28007','es_health',324.36,1
34,'C8955229','2','M','28007','M590227437','28007','es_wellnessandbeauty',6.28,0
178,'C1801125','2','F','28007','M924777279','28007','es_barsandrestaurants',4.22,0
86,'C4856600','4','F','28007','M978603985','28007','es_transportation',24.71,0
134,'C8820783','2','M','28007','M478319667','28007','es_transportation',19.4,0
161,'C8729578','3','M','28007','M280234310','28007','es_food',32.11,0
151,'C6224369','2','F','28007','M498448159','28007','es_tech',14.3,0
15,'C2944606','2','M','28007','M914190895','28007','es_hotelservices',26.43,0
29,'C9855197','2','F','28007','M812055051','28007','es_wellnessandbeauty',13.36,0
0,'C1573881','6','M','28007','M719059589','28007','es_barsandrestaurants',58.63,0
18,'C3827364','2','E','28007','M145069853','28007','es_tech',7.65,0
11,'C6643893','2','M','28007','M632038901','28007','es_fashion',388.03,1
116,'C5305665','2','M','28007','M334356661','28007','es_food',83.44,0
165,'C7395300','4','F','28007','M945626974','28007','es_hotelservices',9.78,0
112,'C8313367','2','F','28007','M664611205','28007','es_hotelservices',33.94,0
54,'C6609210','5','F','28007','M551356059','28007','es_health',31.67,0
172,'C5266399','3','F','28007','M243297588','28007','es_hotelservices',18.38,0
156,'C3672762','1','M','28007','M968845915','28007','es_health',567.68,1
76,'C4230786','2','F','28007','M724173395','28007','es_wellnessandbeauty',177.1,1
135,'C4943439','2','F','28007','M348565563','28007','es_fashion',5.61,0
101,'C9704225','1','F','28007','M725227748','28007','es_transportation',33.14,0
112,'C9239115','6','F','28007','M129025773','28007','es_tech',212.06,1
133,'C4094510','3','M','28007','M864726461','28007','es_food',8.52,0
91,'C6130418','2','F','28007','M802994568','28007','es_sportsandtoys',32.33,0
67,'C6587757','6','M','28007','M526746759','28007','es_barsandrestaurants',15.26,0
93,'C7594244','1','M','28007','M304071278','28007','es_food',29.71,0
113,'C3402110','3','M','28007','M648662382','28007','es_tech',66.97,0
52,'C3913293','3','M','28007','M741378536','28007','es_transportation',135.94,0
150,'C5513207','3','M','28007','M197283803','28007','es_transportation',59.07,0
125,'C5396208','5','F','28007','M754016638','28007','es_health',41.42,0
125,'C1345430','2','M','28007','M670382875','28007','es_health',7.0,0
84,'C2968921','4','E','28007','M994707776','28007','es_barsandrestaurants',40.72,0
170,'C7471530','2','M','28007','M502784746','28007','es_food',8.16,0
56,'C9358827','1','F','28007','M208229287','28007','es_health',55.03,0
83,'C1518490','1','F','28007','M389441900','28007','es_tech',48.48,0
111,'C7864684','2','M','28007','M148674916','28007','es_barsandrestaurants',34.01,0
168,'C7234408','2','M','28007','M492168325','28007','es_food',8.71,0
98,'C7778519','0','F','28007','M579520627','28007','es_sportsandtoys',81.41,0
152,'C3583677','2','F','28007','M516376545','28007','es_health',35.1,0
72,'C8775872','2','M','28007','M878127183','28007','es_sportsandtoys',14.81,0
124,'C2286188','2','M','28007','M595728479','28007','es_tech',242.18,1
9,'C1239608','1','M','28007','M745588723','28007','es_tech',19.15,0
167,'C4898888','2','M','28007','M168709584','28007','es_health',44.97,0
4,'C9979219','3','F','28007','M383807324','28007','es_wellnessandbeauty',46.57,0
94,'C1496232','4','M','28007','M345316351','28007','es_tech',150.98,1
41,'C1250231','2','M','28007','M794607355','28007','es_sportsandtoys',687.83,1
55,'C9634939','1','F','28007','M725358310','28007','es_fashion',14.65,0
178,'C2003510','1','M','28007','M437404691','28007','es_hyper',40.98,0
12,'C4615590','2','F','28007','M602345410','28007','es_hotelservices',366.91,1
83,'C8541714','2','M','28007','M200533117','28007','es_sportsandtoys',57.48,0
34,'C7297042','5','M','28007','M483285714','28007','es_transportation',25.31,0
178,'C2609425','2','F','28007','M638969641','28007','es_transportation',70.49,0
154,'C2120803','1','F','28007','M937621974','28007','es_barsandrestaurants',16.1,0
80,'C6962413','2','F','28007','M615193970','28007','es_food',8.82,0
77,'C1416690','5','M','28007','M797132215','28007','es_hyper',60.49,0
19,'C2625199','2','F','28007','M665590920','28007','es_transportation',4.99,0
34,'C9372602','2','M','28007','M571070214','28007','es_transportation',68.19,0
171,'C2330728','3','F','28007','M684318880','28007','es_food',32.18,0
126,'C3738384','2','F','28007','M441719263','28007','es_health',5.9,0
115,'C1171277','3','F','28007','M585257630','28007','es_transportation',7.25,0
81,'C7562865','2','M','28007','M404581710','28007','es_barsandrestaurants',71.44,0
7,'C4101373','4','M','28007','M209544407','28007','es_sportsandtoys',7.25,0
115,'C6534448','1','M','28007','M124219726','28007','es_tech',325.83,1
158,'C4411647','2','M','28007','M730308186','28007','es_barsandrestaurants',23.0,0
88,'C7942263','2','M','28007','M790240956','28007','es_fashion',80.9,0
49,'C2329785','3','M','28007','M215405647','28007','es_hotelservices',1127.37,1
166,'C3328033','3','M','28007','M510828760','28007','es_fashion',2.06,0
50,'C1194152','2','M','28007','M581363369','28007','es_tech',731.51,1
85,'C1555839','1','F','28007','M112234908','28007','es_barsandrestaurants',75.12,0
70,'C6895038','2','M','28007','M153226755','28007','es_food',49.69,0
160,'C1534633','1','M','28007','M563980861','28007','es_food',9.37,0
55,'C6093388','1','M','28007','M934011364','28007','es_hyper',75.47,0
145,'C3029341','3','M','28007','M349399366','28007','es_sportsandtoys',30.93,0
69,'C6369337','2','E','28007','M561840435','28007','es_food',44.89,0
77,'C8140782','2','M','28007','M395791282','28007','es_barsandrestaurants',63.51,0
165,'C2297776','1','M','28007','M903692626','28007','es_barsandrestaurants',14.05,0
98,'C9018205','2','F','28007','M348531069','28007','es_health',5.95,0
30,'C8014511','3','E','28007','M377579045','28007','es_hyper',55.5,0
21,'C9994359','1','M','28007','M189155041','28007','es_health',3.53,0
84,'C8138780','1','M','28007','M570923188','28007','es_barsandrestaurants',687.37,1
64,'C3076259','4','F','28007','M399036536','28007','es_hyper',34.59,0
107,'C9821549','5','F','28007','M939463951','28007','es_hyper',44.25,0
177,'C8364732','2','F','28007','M764540309','28007','es_tech',7.93,0
57,'C7481093','3','M','28007','M898698592','28007','es_hyper',10.25,0
78,'C3180139','5','F','28007','M957260579','28007','es_hyper',105.33,0
60,'C8718454','3','F','28007','M616432677','28007','es_hyper',24.76,0
34,'C3619222','2','M','28007','M233614248','28007','es_hyper',63.19,0
30,'C1049768','2','M','28007','M682592223','28007','es_barsandrestaurants',7.63,0
157,'C9091363','2','M','28007','M855903584','28007','es_hotelservices',39.53,0
50,'C3466511','3','M','28007','M417817498','28007','es_transportation',24.31,0
129,'C3096419','2','M','28007','M956182360','28007','es_hyper',4.63,0
73,'C2880164','2','M','28007','M968225064','28007','es_sportsandtoys',14.38,0
144,'C5854487','4','M','28007','M629343805','28007','es_sportsandtoys',93.16,0
116,'C1416561','5','M','28007','M300477332','28007','es_food',30.26,0
108,'C7931344','1','M','28007','M815065444','28007','es_food',79.33,0
156,'C9625146','3','F','28007','M662190442','28007','es_tech',26.2,0
18,'C6032793','4','M','28007','M495706521','28007','es_transportation',25.5,0
41,'C2957792','2','M','28007','M888961130','28007','es_transportation',17.8,0
51,'C7986595','3','F','28007','M722999357','28007','es_transportation',19.99,0
143,'C5860345','2','M','28007','M611978629','28007','es_wellnessandbeauty',50.43,0
42,'C5034649','2','F','28007','M215395704','28007','es_wellnessandbeauty',121.68,0
153,'C1444874','2','F','28007','M313325360','28007','es_hotelservices',45.0,0
125,'C7072929','3','F','28007','M867786799','28007','es_wellnessandbeauty',2.78,0
86,'C1713806','2','M','28007','M694286895','28007','es_food',47.58,0
130,'C1750774','3','F','28007','M822804813','28007','es_health',38.59,0
133,'C5982732','4','M','28007','M434332427','28007','es_wellnessandbeauty',33.84,0
50,'C2417191','2','F','28007','M486565893','28007','es_wellnessandbeauty',5.23,0
47,'C3681478','3','M','28007','M874582463','28007','es_health',44.92,0
36,'C9242184','2','M','28007','M177640857','28007','es_fashion',65.39,0
165,'C2985404','2','F','28007','M942640137','28007','es_barsandrestaurants',12.49,0
168,'C6708297','3','M','28007','M326667453','28007','es_health',4.07,0
169,'C2696609','2','F','28007','M455134289','28007','es_fashion',6.53,0
73,'C9045409','1','M','28007','M629911230','28007','es_tech',25.55,0
7,'C7226659','1','F','28007','M897905927','28007','es_wellnessandbeauty',22.06,0
13,'C3286319','2','M','28007','M349843348','28007','es_food',80.36,0
86,'C9761753','3','M','28007','M383455573','28007','es_hotelservices',2.42,0
144,'C3604325','2','M','28007','M474808468','28007','es_sportsandtoys',13.56,0
38,'C8517201','1','M','28007','M475691615','28007','es_hotelservices',26.61,0
179,'C4061481','2','M','28007','M256599009','28007','es_tech',1025.87,1
30,'C3761158','2','F','28007','M153293585','28007','es_transportation',35.56,0
178,'C3553589','3','M','28007','M603454279','28007','es_fashion',52.92,0
138,'C6882049','5','F','28007','M532898990','28007','es_sportsandtoys',67.98,0
93,'C7651154','1','M','28007','M829110223','28007','es_transportation',21.01,0
135,'C1161297','4','F','28007','M299316893','28007','es_barsandrestaurants',16.72,0
89,'C3681722','1','F','28007','M771017857','28007','es_food',34.35,0
1,'C7212695','2','M','28007','M170210747','28007','es_tech',76.16,0
4,'C3358730','4','F','28007','M663877556','28007','es_food',24.64,0
6,'C1125851','3','M','28007','M890466287','28007','es_wellnessandbeauty',24.5,0
10,'C3072171','2','M','28007','M427148764','28007','es_fashion',7.6,0
167,'C7214294','5','M','28007','M853791043','28007','es_sportsandtoys',2.74,0
152,'C5143403','2','F','28007','M680846575','28007','es_transportation',29.05,0
27,'C7188343','1','F','28007','M902864353','28007','es_hyper',41.51,0
77,'C7757450','4','M','28007','M452928288','28007','es_hyper',52.73,0
50,'C8204425','0','M','28007','M359017102','28007','es_fashion',11.71,0
9,'C7136821','6','F','28007','M481448995','28007','es_tech',11.56,0
100,'C5025282','2','F','28007','M949055650','28007','es_tech',51.4,0
3,'C5063068','2','M','28007','M279072027','28007','es_hotelservices',11.17,0
97,'C8097065','2','F','28007','M607830032','28007','es_sportsandtoys',77.5,0
166,'C5447321','2','F','28007','M827286933','28007','es_wellnessandbeauty',20.51,0
129,'C2650224','3','F','28007','M264930526','28007','es_sportsandtoys',27.29,0
176,'C2481177','2','F','28007','M591199374','28007','es_wellnessandbeauty',14.23,0
157,'C8998883','3','F','28007','M588084593','28007','es_tech',21.48,0
75,'C2350339','4','M','28007','M428413014','28007','es_barsandrestaurants',3.97,0
155,'C4850404','2','F','28007','M484198692','28007','es_health',9.49,0
61,'C7318499','1','F','28007','M965033515','28007','es_hyper',229.07,1
33,'C1997057','2','E','28007','M440292904','28007','es_hyper',23.59,0
101,'C2384410','6','M','28007','M515299975','28007','es_transportation',13.59,0
84,'C2045533','0','M','28007','M205164868','28007','es_hotelservices',641.11,1
39,'C1122026','0','F','28007','M145153952','28007','es_sportsandtoys',21.85,0
176,'C2807737','1','F','28007','M782321720','28007','es_transportation',25.39,0
91,'C5837502','1','F','28007','M316927603','28007','es_wellnessandbeauty',79.4,0
4,'C8321105','2','F','28007','M416305426','28007','es_transportation',3.98,0
20,'C8052514','1','M','28007','M914166654','28007','es_barsandrestaurants',4.7,0
171,'C5421740','4','M','28007','M936261846','28007','es_barsandrestaurants',31.61,0
86,'C6212360','0','F','28007','M951990738','28007','es_sportsandtoys',319.52,1
41,'C5145466','2','M','28007','M132779182','28007','es_food',43.32,0
16,'C9905808','4','M','28007','M339259011','28007','es_barsandrestaurants',4.08,0
28,'C4000264','1','M','28007','M295086148','28007','es_food',40.59,0
16,'C2217309','3','M','28007','M677741008','28007','es_transportation',21.79,0
14,'C5892571','2','F','28007','M428517333','28007','es_health',44.79,0
176,'C3570348','2','M','28007','M139028538','28007','es_hyper',22.64,0
173,'C7356895','2','F','28007','M698934182','28007','es_transportation',72.87,0
53,'C1198110','3','M','28007','M497067665','28007','es_barsandrestaurants',32.46,0
178,'C5753954','2','F','28007','M916572573','28007','es_wellnessandbeauty',15.65,0
155,'C3940107','1','M','28007','M172035486','28007','es_hyper',11.16,0
54,'C7184398','2','M','28007','M381892536','28007','es_hotelservices',9.47,0
101,'C5110993','3','F','28007','M705697131','28007','es_hotelservices',20.18,0
40,'C5900318','3','M','28007','M859660662','28007','es_food',33.73,0
57,'C4968178','1','F','28007','M230368589','28007','es_barsandrestaurants',23.59,0
2,'C5147413','3','M','28007','M396043004','28007','es_transportation',29.55,0
3,'C3858214','3','M','28007','M144359378','28007','es_fashion',2.26,0
20,'C2255959','4','F','28007','M823039714','28007','es_health',14.65,0
175,'C3138421','2','M','28007','M882676440','28007','es_sportsandtoys',933.93,1
140,'C2290906','2','M','28007','M361587298','28007','es_transportation',2.35,0
179,'C6387059','1','F','28007','M934013717','28007','es_hyper',61.27,0
139,'C2958615','4','F','28007','M325805324','28007','es_tech',747.43,1
12,'C5449399','2','M','28007','M878293109','28007','es_health',16.21,0
10,'C1026505','2','F','28007','M319754183','28007','es_hyper',94.9,0
159,'C1567827','2','M','28007','M331840139','28007','es_hyper',23.25,0
69,'C3531196','2','F','28007','M322479525','28007','es_food',36.65,0
78,'C9057907','1','F','28007','M107760004','28007','es_hyper',5.12,0
36,'C7102493','2','M','28007','M164910926','28007','es_hotelservices',245.55,0
86,'C8104527','1','M','28007','M646008731','28007','es_food',24.04,0
58,'C3185028','2','F','28007','M435805740','28007','es_wellnessandbeauty',4.74,0
57,'C2825260','0','M','28007','M682661545','28007','es_fashion',19.11,0
52,'C4440863','3','M','28007','M883179327','28007','es_barsandrestaurants',16.59,0
3,'C8871490','3','F','28007','M762371850','28007','es_transportation',4.73,0
20,'C8069222','5','F','28007','M380361562','28007','es_wellnessandbeauty',38.38,0
98,'C1552226','3','E','28007','M795005464','28007','es_barsandrestaurants',10.37,0
129,'C8467133','3','M','28007','M336659268','28007','es_tech',24.16,0
158,'C2980425','1','M','28007','M879446356','28007','es_transportation',87.82,0
130,'C6604297','3','F','28007','M796781804','28007','es_hotelservices',12.93,0
71,'C2079037','3','M','28007','M151187343','28007','es_fashion',46.02,0
12,'C8695082','1','F','28007','M406056869','28007','es_hotelservices',21.14,0
173,'C1693464','4','M','28007','M317199220','28007','es_hyper',5.76,0
114,'C1837566','0','F','28007','M160229895','28007','es_hotelservices',36.98,0
92,'C3158344','1','F','28007','M454055964','28007','es_barsandrestaurants',9.3,0
117,'C8992726','2','M','28007','M209285989','28007','es_barsandrestaurants',225.59,0
72,'C4330263','5','M','28007','M144681008','28007','es_sportsandtoys',41.36,0
134,'C9234025','2','M','28007','M657731629','28007','es_food',70.47,0
128,'C5795817','1','M','28007','M369942850','28007','es_barsandrestaurants',35.71,0
65,'C3057017','3','F','28007','M341436875','28007','es_barsandrestaurants',68.6,0
111,'C8138512','2','M','28007','M975901676','28007','es_tech',897.83,1
74,'C5330453','2','M','28007','M162908951','28007','es_hotelservices',26.3,0
15,'C6998544','1','F','28007','M417523214','28007','es_tech',64.58,0
114,'C7342211','2','M','28007','M109978954','28007','es_food',84.81,0
177,'C9994006','3','M','28007','M138489803','28007','es_hyper',9.66,0
175,'C2343054','1','F','28007','M296145427','28007','es_food',9.39,0
76,'C4460096','2','M','28007','M393379869','28007','es_barsandrestaurants',31.91,0
79,'C5589369','2','M','28007','M845099570','28007','es_barsandrestaurants',48.3,0
100,'C9648035','1','F','28007','M406966708','28007','es_food',39.33,0
21,'C6768212','1','M','28007','M175892270','28007','es_hyper',8.61,0
16,'C2498447','2','M','28007','M850688734','28007','es_transportation',43.19,0
141,'C9839008','6','F','28007','M688594098','28007','es_wellnessandbeauty',10.86,0
122,'C1171236','3','M','28007','M873707142','28007','es_hyper',31.82,0
105,'C1239647','4','M','28007','M635769900','28007','es_hotelservices',12.2,0
99,'C3942609','1','F','28007','M671998076','28007','es_food',12.4,0
119,'C4340444','3','M','28007','M992252913','28007','es_tech',1093.05,1
74,'C6864049','2','M','28007','M172639916','28007','es_hotelservices',13.0,0
57,'C4472696','1','M','28007','M799477453','28007','es_transportation',88.62,0
43,'C3104417','3','M','28007','M505049900','28007','es_tech',921.07,1
66,'C3057244','3','M','28007','M479662109','28007','es_tech',141.43,0
173,'C9302258','1','E','28007','M404294198','28007','es_hyper',4.54,0
40,'C8299243','1','F','28007','M867783041','28007','es_food',25.1,0
105,'C7667051','2','E','28007','M575909502','28007','es_tech',26.26,0
117,'C1561548','0','F','28007','M567860887','28007','es_fashion',19.32,0
48,'C5762315','2','F','28007','M658425958','28007','es_food',7.45,0
103,'C7259635','0','F','28007','M957606109','28007','es_food',8.64,0
29,'C9817518','5','F','28007','M588722712','28007','es_health',52.3,0
71,'C4463894','4','F','28007','M895826202','28007','es_health',2.26,0
166,'C2400507','3','M','28007','M182419296','28007','es_hyper',8.86,0
71,'C8793604','2','F','28007','M602561036','28007','es_transportation',3.9,0
17,'C5859633','1','F','28007','M967937996','28007','es_hyper',22.39,0
165,'C9318849','4','F','28007','M963847077','28007','es_hotelservices',32.89,0
71,'C7697947','1','M','28007','M101461433','28007','es_barsandrestaurants',23.77,0
25,'C8753638','4','F','28007','M738522930','28007','es_hyper',7.66,0
88,'C8989900','2','M','28007','M325038006','28007','es_tech',576.65,1
12,'C5101153','1','M','28007','M221241577','28007','es_sportsandtoys',17.55,0
146,'C1461122','2','M','28007','M735785348','28007','es_health',46.25,0
128,'C7634586','0','M','28007','M531461899','28007','es_tech',11.99,0
175,'C9371223','2','F','28007','M893388534','28007','es_hotelservices',11.56,0
142,'C5170555','1','F','28007','M598702031','28007','es_hotelservices',887.53,1
1,'C9090433','3','F','28007','M729677849','28007','es_health',49.42,0
47,'C9125248','1','F','28007','M740053137','28007','es_tech',7.04,0
64,'C9242580','3','M','28007','M186895606','28007','es_wellnessandbeauty',41.05,0
122,'C7353575','2','M','28007','M373633510','28007','es_food',59.24,0
157,'C1377224','4','M','28007','M389666394','28007','es_transportation',119.26,0
166,'C3657885','2','E','28007','M256639163','28007','es_hyper',44.3,0
26,'C9094566','2','M','28007','M973237171','28007','es_fashion',26.19,0
37,'C4614705','1','F','28007','M415434664','28007','es_tech',28.92,0
4,'C6586956','1','F','28007','M459879480','28007','es_health',52.32,0
21,'C3604902','1','F','28007','M391293570','28007','es_fashion',10.1,0
103,'C6802199','2','F','28007','M484284145','28007','es_wellnessandbeauty',69.17,0
38,'C7792109','4','F','28007','M439628911','28007','es_tech',166.72,1
177,'C9779340','5','F','28007','M945055502','28007','es_wellnessandbeauty',13.22,0
168,'C7147401','4','M','28007','M600774662','28007','es_wellnessandbeauty',6.76,0
15,'C9875234','1','F','28007','M138088342','28007','es_fashion',26.69,0
152,'C2138452','4','F','28007','M960192720','28007','es_hotelservices',19.54,0
18,'C4415398','2','F','28007','M480582333','28007','es_transportation',20.08,0
160,'C5065183','2','F','28007','M780096069','28007','es_health',28.26,0
152,'C6807811','5','F','28007','M556408586','28007','es_hotelservices',619.72,1
112,'C1012879','3','F','28007','M273352975','28007','es_sportsandtoys',463.42,1
20,'C3895537','2','M','28007','M892143135','28007','es_tech',13.3,0
152,'C7951740','1','F','28007','M255005030','28007','es_transportation',103.71,0
44,'C6991342','1','F','28007','M951246989','28007','es_hotelservices',17.21,0
121,'C7380858','4','M','28007','M866736656','28007','es_sportsandtoys',6.62,0
23,'C6347006','5','M','28007','M844257823','28007','es_wellnessandbeauty',13.0,0
25,'C6824648','3','E','28007','M164627603','28007','es_barsandrestaurants',3.87,0
52,'C4001179','0','E','28007','M324513822','28007','es_transportation',26.95,0
86,'C9051090','1','M','28007','M641042276','28007','es_fashion',29.15,0
153,'C5197739','0','M','28007','M789336707','28007','es_barsandrestaurants',37.51,0
89,'C7859634','2','M','28007','M565576058','28007','es_sportsandtoys',55.5,0
49,'C1544653','2','F','28007','M942616290','28007','es_health',216.05,1
155,'C2220682','0','F','28007','M684357074','28007','es_barsandrestaurants',91.82,0
49,'C6211276','4','M','28007','M959269063','28007','es_tech',744.84,1
148,'C7684601','2','M','28007','M226012144','28007','es_transportation',27.11,0
66,'C6868555','1','M','28007','M501564054','28007','es_transportation',6.08,0
141,'C9229840','0','M','28007','M485783127','28007','es_barsandrestaurants',5.4,0
119,'C7423841','U','M','28007','M695594453','28007','es_barsandrestaurants',90.68,0
75,'C9324458','1','F','28007','M755095702','28007','es_fashion',38.77,0
162,'C8104627','4','M','28007','M474574801','28007','es_food',42.08,0
117,'C5757812','2','M','28007','M198097412','28007','es_transportation',7.83,0
102,'C7779617','2','M','28007','M354990246','28007','es_hyper',36.63,0
131,'C1398825','3','M','28007','M437429510','28007','es_barsandrestaurants',30.27,0
110,'C7497127','4','F','28007','M829253564','28007','es_hyper',29.49,0
57,'C2247752','3','F','28007','M816346159','28007','es_hotelservices',246.0,1
24,'C6360678','1','M','28007','M177657703','28007','es_hotelservices',29.94,0
27,'C6310074','3','M','28007','M617465481','28007','es_health',7.96,0
104,'C5732369','3','F','28007','M587722757','28007','es_sportsandtoys',100.99,0
1,'C2551726','1','F','28007','M490267617','28007','es_hyper',36.04,0
96,'C8789573','1','F','28007','M369102994','28007','es_transportation',10.14,0
39,'C5261663','4','M','28007','M465689129','28007','es_food',49.77,0
53,'C4911251','3','M','28007','M838960061','28007','es_hyper',18.27,0
21,'C8188106','3','M','28007','M663448482','28007','es_transportation',31.18,0
164,'C6113050','0','M','28007','M534183246','28007','es_transportation',25.15,0
117,'C1207580','1','F','28007','M366065100','28007','es_fashion',5.09,0
5,'C4931895','3','M','28007','M429524499','28007','es_tech',22.44,0
112,'C8900171','4','M','28007','M685696701','28007','es_barsandrestaurants',21.16,0
55,'C2150311','2','F','28007','M745586172','28007','es_sportsandtoys',855.62,1
101,'C2281258','3','F','28007','M607678342','28007','es_barsandrestaurants',43.89,0
57,'C2594362','2','F','28007','M948257113','28007','es_sportsandtoys',90.24,0
76,'C8451062','1','F','28007','M770096811','28007','es_transportation',36.74,0
113,'C1487707','3','F','28007','M115090407','28007','es_transportation',40.17,0
22,'C9286151','2','F','28007','M210682776','28007','es_hyper',63.53,0
121,'C4337013','2','F','28007','M219576408','28007','es_health',23.54,0
165,'C3332127','2','F','28007','M227847972','28007','es_hyper',5.23,0
51,'C1690778','2','M','28007','M928718283','28007','es_sportsandtoys',70.06,0
112,'C9181311','4','M','28007','M629831955','28007','es_transportation',27.89,0
135,'C9966309','2','M','28007','M305219417','28007','es_hyper',9.77,0
169,'C7403679','4','F','28007','M121971167','28007','es_barsandrestaurants',23.91,0
162,'C2753313','1','M','28007','M773891645','28007','es_fashion',52.96,0
95,'C4044221','2','F','28007','M921536746','28007','es_hotelservices',27.34,0
91,'C3916933','2','F','28007','M592812936','28007','es_hotelservices',706.01,1
45,'C7466751','1','F','28007','M951289421','28007','es_hyper',265.85,0
117,'C6585056','1','F','28007','M491255073','28007','es_food',21.7,0
61,'C2732141','2','M','28007','M768788354','28007','es_barsandrestaurants',142.41,0
127,'C2634461','4','M','28007','M363994195','28007','es_food',17.44,0
61,'C2886522','4','F','28007','M417382537','28007','es_barsandrestaurants',29.72,0
174,'C7472036','2','F','28007','M644914644','28007','es_sportsandtoys',25.06,0
63,'C8252270','1','F','28007','M961156241','28007','es_wellnessandbeauty',21.33,0
176,'C9809609','3','M','28007','M695603504','28007','es_wellnessandbeauty',79.68,0
54,'C3979718','1','F','28007','M964041053','28007','es_hyper',24.52,0
10,'C4476808','1','F','28007','M192227299','28007','es_tech',17.02,0
166,'C7865999','4','M','28007','M490311754','28007','es_food',28.96,0
33,'C4696458','2','F','28007','M856589990','28007','es_fashion',2.88,0
18,'C9131526','2','F','28007','M334593217','28007','es_tech',93.22,0
60,'C8249433','1','M','28007','M827204165','28007','es_hyper',36.18,0
69,'C2199728','2','M','28007','M181697565','28007','es_hyper',43.72,0
114,'C7077449','2','M','28007','M193762892','28007','es_fashion',2.3,0
30,'C7877037','3','F','28007','M502217616','28007','es_barsandrestaurants',20.08,0
85,'C4114659','3','M','28007','M770020725','28007','es_fashion',50.17,0
166,'C9411603','2','M','28007','M687643728','28007','es_fashion',63.12,0
119,'C5949331','2','F','28007','M113072770','28007','es_tech',87.3,0
85,'C3930299','2','M','28007','M485226864','28007','es_transportation',12.06,0
120,'C4581311','1','F','28007','M599249778','28007','es_transportation',13.13,0
11,'C9582299','3','F','28007','M943336487','28007','es_transportation',103.18,0
120,'C9868577','1','M','28007','M258308805','28007','es_wellnessandbeauty',14.9,0
22,'C4483802','3','M','28007','M256082309','28007','es_transportation',47.63,0
87,'C2404568','2','F','28007','M339238871','28007','es_barsandrestaurants',25.23,0
105,'C7638784','3','M','28007','M348384203','28007','es_barsandrestaurants',30.41,0
38,'C3627014','2','M','28007','M811956256','28007','es_food',4.51,0
127,'C2348894','2','M','28007','M958151611','28007','es_food',57.32,0
158,'C1929090','1','F','28007','M156178284','28007','es_wellnessandbeauty',9.36,0
56,'C6385201','1','F','28007','M403310195','28007','es_tech',401.34,1
42,'C6119641','1','M','28007','M298327690','28007','es_transportation',22.41,0
129,'C6754068','3','F','28007','M129159511','28007','es_wellnessandbeauty',49.75,0
81,'C7063389','1','F','28007','M629616163','28007','es_fashion',64.15,0
54,'C9602831','2','M','28007','M337493785','28007','es_food',39.29,0
74,'C5817842','0','F','28007','M227013712','28007','es_hotelservices',14.35,0
28,'C3214826','1','F','28007','M327792873','28007','es_hotelservices',30.88,0
159,'C4561497','3','M','28007','M352795513','28007','es_hotelservices',31.64,0
51,'C3771034','2','M','28007','M391900976','28007','es_transportation',29.57,0
99,'C4262331','4','M','28007','M910321919','28007','es_barsandrestaurants',6.89,0
166,'C5486856','1','F','28007','M276937412','28007','es_transportation',78.89,0
164,'C1003196','2','M','28007','M475204413','28007','es_sportsandtoys',1159.62,1
29,'C7209774','2','M','28007','M887933688','28007','es_hotelservices',8.14,0
131,'C8593548','4','M','28007','M924237911','28007','es_food',52.57,0
27,'C9173542','2','E','28007','M869536596','28007','es_tech',1192.47,1
68,'C4876345','2','M','28007','M471332166','28007','es_sportsandtoys',622.06,1
104,'C8630725','2','E','28007','M258255163','28007','es_transportation',34.23,0
36,'C1130334','5','F','28007','M356820665','28007','es_wellnessandbeauty',76.59,0
153,'C9955427','1','F','28007','M684569277','28007','es_barsandrestaurants',59.54,0
169,'C2250844','2','F','28007','M693921702','28007','es_food',30.13,0
14,'C5184251','3','F','28007','M910543208','28007','es_food',68.53,0
97,'C1586470','3','M','28007','M737711424','28007','es_transportation',12.53,0
27,'C3894558','U','M','28007','M735911824','28007','es_transportation',32.35,0
27,'C3746153','2','F','28007','M264924735','28007','es_transportation',21.45,0
148,'C1268602','1','M','28007','M334126814','28007','es_transportation',59.67,0
129,'C9482084','1','F','28007','M897787001','28007','es_tech',60.02,0
33,'C3995785','5','M','28007','M362442113','28007','es_food',6.65,0
0,'C4703367','4','M','28007','M149502260','28007','es_sportsandtoys',17.8,0
146,'C3675877','2','M','28007','M467667091','28007','es_fashion',46.45,0
97,'C7499998','2','M','28007','M525249212','28007','es_barsandrestaurants',11.0,0
111,'C1174588','2','M','28007','M135084764','28007','es_tech',37.17,0
153,'C8458136','5','M','28007','M238986152','28007','es_wellnessandbeauty',19.46,0
65,'C8349953','2','F','28007','M113196706','28007','es_tech',801.0,1
58,'C5657448','2','M','28007','M180591527','28007','es_hotelservices',53.02,0
73,'C6900726','2','F','28007','M120978606','28007','es_barsandrestaurants',66.58,0
162,'C3086172','4','M','28007','M728079925','28007','es_hotelservices',991.62,1
157,'C5812056','1','M','28007','M262283227','28007','es_sportsandtoys',12.66,0
85,'C3192848','1','F','28007','M646228744','28007','es_fashion',4.1,0
19,'C3214178','2','M','28007','M121734323','28007','es_sportsandtoys',28.52,0
101,'C8689262','3','F','28007','M839458906','28007','es_fashion',75.59,0
138,'C3126028','3','M','28007','M236544072','28007','es_hotelservices',5.44,0
57,'C2629040','2','M','28007','M170025460','28007','es_food',14.99,0
57,'C5866940','0','M','28007','M273380128','28007','es_transportation',7.57,0
46,'C3536047','3','M','28007','M780173610','28007','es_sportsandtoys',641.55,1
83,'C2932303','2','M','28007','M283879856','28007','es_transportation',19.86,0
75,'C7379022','4','M','28007','M921634838','28007','es_transportation',20.72,0
14,'C7062825','2','M','28007','M801550519','28007','es_tech',22.05,0
51,'C8352245','1','F','28007','M137331605','28007','es_wellnessandbeauty',17.22,0
72,'C6234748','2','M','28007','M233436591','28007','es_wellnessandbeauty',17.01,0
130,'C6788773','1','F','28007','M763534062','28007','es_tech',44.82,0
110,'C9451392','0','M','28007','M448948080','28007','es_fashion',17.11,0
92,'C2035108','1','F','28007','M102074242','28007','es_tech',13.48,0
129,'C2534230','0','M','28007','M755163404','28007','es_health',11.06,0
99,'C2662656','2','F','28007','M960947084','28007','es_sportsandtoys',4.78,0
43,'C3871712','0','M','28007','M352513896','28007','es_hotelservices',37.38,0
